{"cameraMode":{"drawMode":0,"name":"Shaded","section":"Shading Mode"},"sceneLighting":false,"audioPlay":false,"sceneViewState":{"showFog":true,"showMaterialUpdate":false,"showSkybox":false,"showFlares":true,"showImageEffects":true,"showParticleSystems":true},"in2DMode":false,"pivot":{"x":9.9321870803833,"y":16.456375122070314,"z":25.32950210571289},"rotation":{"x":0.3817272186279297,"y":0.026695463806390764,"z":-0.011029921472072602,"w":0.9238235950469971},"size":16.943450927734376,"orthographic":false}