{"cameraMode":{"drawMode":0,"name":"Shaded","section":"Shading Mode"},"sceneLighting":false,"audioPlay":false,"sceneViewState":{"showFog":true,"showMaterialUpdate":false,"showSkybox":false,"showFlares":true,"showImageEffects":true,"showParticleSystems":true},"in2DMode":false,"pivot":{"x":-4.639226913452148,"y":8.0361967086792,"z":9.950356483459473},"rotation":{"x":-0.2915114760398865,"y":-0.006902947090566158,"z":0.0021040274295955898,"w":-0.9565401077270508},"size":21.932889938354493,"orthographic":false}