{"cameraMode":{"drawMode":0,"name":"Shaded","section":"Shading Mode"},"sceneLighting":false,"audioPlay":false,"sceneViewState":{"showFog":true,"showMaterialUpdate":false,"showSkybox":false,"showFlares":true,"showImageEffects":true,"showParticleSystems":true},"in2DMode":false,"pivot":{"x":-5.871000289916992,"y":4.692108154296875,"z":-68.56190490722656},"rotation":{"x":-0.2763449549674988,"y":-0.7221441864967346,"z":0.4200707674026489,"w":-0.47505974769592287},"size":22.267610549926759,"orthographic":false}