{"cameraMode":{"drawMode":0,"name":"Shaded","section":"Shading Mode"},"sceneLighting":true,"audioPlay":false,"sceneViewState":{"showFog":true,"showMaterialUpdate":false,"showSkybox":false,"showFlares":true,"showImageEffects":true,"showParticleSystems":true},"in2DMode":false,"pivot":{"x":-22.455310821533204,"y":5.61434268951416,"z":-55.06403732299805},"rotation":{"x":-0.10442399233579636,"y":-0.824606716632843,"z":0.16188667714595796,"w":-0.5318947434425354},"size":9.080422401428223,"orthographic":false}