{"cameraMode":{"drawMode":0,"name":"Shaded","section":"Shading Mode"},"sceneLighting":false,"audioPlay":false,"sceneViewState":{"showFog":true,"showMaterialUpdate":false,"showSkybox":false,"showFlares":true,"showImageEffects":true,"showParticleSystems":true},"in2DMode":false,"pivot":{"x":0.020690441131591798,"y":0.2111523151397705,"z":0.07680392265319824},"rotation":{"x":-0.18006274104118348,"y":-0.7631502151489258,"z":0.2401110827922821,"w":-0.5722988247871399},"size":1.958763837814331,"orthographic":false}