{"cameraMode":{"drawMode":0,"name":"Shaded","section":"Shading Mode"},"sceneLighting":false,"audioPlay":false,"sceneViewState":{"showFog":true,"showMaterialUpdate":false,"showSkybox":false,"showFlares":true,"showImageEffects":true,"showParticleSystems":true},"in2DMode":false,"pivot":{"x":-0.010611772537231446,"y":-0.3760121166706085,"z":-0.22983558475971223},"rotation":{"x":-0.12924113869667054,"y":-0.7400041222572327,"z":0.14871670305728913,"w":-0.6430972814559937},"size":2.1212592124938967,"orthographic":false}