{"cameraMode":{"drawMode":0,"name":"Shaded","section":"Shading Mode"},"sceneLighting":false,"audioPlay":false,"sceneViewState":{"showFog":true,"showMaterialUpdate":false,"showSkybox":false,"showFlares":true,"showImageEffects":true,"showParticleSystems":true},"in2DMode":false,"pivot":{"x":6.632603168487549,"y":1.2959377765655518,"z":-1.2919893264770508},"rotation":{"x":-0.5513034462928772,"y":-0.2779185175895691,"z":0.2014930546283722,"w":-0.7604120373725891},"size":2.3284103870391847,"orthographic":false}