{"cameraMode":{"drawMode":0,"name":"Shaded","section":"Shading Mode"},"sceneLighting":false,"audioPlay":false,"sceneViewState":{"showFog":true,"showMaterialUpdate":false,"showSkybox":false,"showFlares":true,"showImageEffects":true,"showParticleSystems":true},"in2DMode":false,"pivot":{"x":24.999998092651368,"y":5.604676723480225,"z":-24.659997940063478},"rotation":{"x":0.17592167854309083,"y":-0.6976858973503113,"z":0.18322978913784028,"w":0.669860303401947},"size":29.292539596557618,"orthographic":false}