{"cameraMode":{"drawMode":0,"name":"Shaded","section":"Shading Mode"},"sceneLighting":false,"audioPlay":false,"sceneViewState":{"showFog":true,"showMaterialUpdate":false,"showSkybox":false,"showFlares":true,"showImageEffects":true,"showParticleSystems":true},"in2DMode":false,"pivot":{"x":34.6666374206543,"y":4.010671138763428,"z":-66.57093048095703},"rotation":{"x":-0.4130975604057312,"y":0.2757176160812378,"z":-0.13279108703136445,"w":-0.8577277064323425},"size":27.59988021850586,"orthographic":false}